aantal_kort,aantal_recht,aantal_gebogen,tijd_s
3,1,1,2.33
0,2,1,2.21
0,3,1,2.4
1,3,1,3.0
1,4,1,2.8
1,5,1,3.3
0,0,5,3.0
3,2,1,2.9
0,2,5,3.3
3,2,1,2.8
3,1,3,2.3
5,2,5,5.0
15,5,0,1.7000000000000015
15,2,1,1.7000000000000015
5,1,2,1.7000000000000015
9,0,8,5.16
8,4,0,2.2
8,4,0,2.2
1,3,1,2.2
2,3,2,2.3
9,2,1,2.3
9,2,1,2.27
2,1,0,2.0
15,8,0,4.0
15,8,0,4.0
12,1,0,2.44
2,2,4,2.44
2,2,4,4.0
9,2,1,22.0
9,2,1,2.2
0,4,5,4.52
0,4,5,4.62
1,3,3,3.86
1,3,3,4.76
6,3,1,3.0600000000000014
6,0,3,2.6
9,2,1,4.9
3,0,4,2.1
1,1,1,2.14
5,1,2,2.6400000000000006
5,1,2,2.6400000000000006
12,0,5,4.14
7,2,0,1.8000000000000007
15,5,3,4.24
15,5,3,4.24
2,1,2,2.9
2,1,2,5.099999999999997
2,1,2,5.099999999999997
